"","missingness_type","RF_ARI","RF_SE"
"1","MAR",0.478160334161615,0.0192117758841831
