"","missingness_type","RF_ARI","RF_SE"
"1","MAR",0.111072580040918,0.00826630656332792
