"","missingness_type","RF_ARI","RF_SE"
"1","MAR",0.17039639659987,0.00782770047783843
