"","missingness_type","RF_ARI","RF_SE"
"1","MAR",0.00558922794140705,0.00387124613306081
