"","missingness_type","RF_ARI","RF_SE"
"1","MAR",0.0295118783418495,0.00458760640034373
