"","missingness_type","KNN_ARI","KNN_SE"
"1","MAR",0.061293585048237,0.00695477920808919
