"","missingness_type","RF_ARI","RF_SE"
"1","MAR",0.0288416554222747,0.00541332317429792
