"","missingness_type","KNN_R","KNN_SE"
"1","MAR",0.557804455588275,0.0156213117080419
