"","missingness_type","RF_NMSE","RF_SE"
"1","MAR",0.65246478198007,0.00413080857055173
