"","missingness_type","RF_R","RF_SE"
"1","MAR",0.161687630632979,0.0211575496400628
