"","missingness_type","RF_NMSE","RF_SE"
"1","MAR",0.327152734905609,0.00309975885042996
