"","missingness_type","KNN_R","KNN_SE"
"1","MAR",0.510939351342471,0.0217060525413833
