"","missingness_type","KNN_R","KNN_SE"
"1","MAR",0.569224070219357,0.00790341225061963
