"","missingness_type","RF_NMSE","RF_SE"
"1","MAR",0.48293790758419,0.00225429232048268
