"","missingness_type","RF_NMSE","RF_SE"
"1","MAR",0.715640768440214,0.00652534616097904
