"","missingness_type","KNN_R","KNN_SE"
"1","MAR",0.524411198476698,0.0154000594385454
