"","missingness_type","RF_R","RF_SE"
"1","MAR",0.667531588565291,0.0244444793349929
