"","missingness_type","RF_R","RF_SE"
"1","MAR",0.752242082604603,0.0134154965540961
