"","missingness_type","KNN_R","KNN_SE"
"1","MAR",0.446840756387888,0.00824217663265656
