"","missingness_type","RF_NMSE","RF_SE"
"1","MAR",0.439169947662136,0.0629542329830449
