"","missingness_type","MICE_R","MICE_SE"
"1","MAR",0.542366808883112,0.00334875502578346
