"","missingness_type","RF_ARI","RF_SE"
"1","MAR",0.851781632970989,0.00636982498964801
