"","missingness_type","RF_NMSE","RF_SE"
"1","MAR",0.389805622406357,0.0119871882526682
