"","missingness_type","RF_NMSE","RF_SE"
"1","MAR",0.406843906021773,0.0508645905301593
