"","missingness_type","RF_R","RF_SE"
"1","MAR",0.833925533045203,0.000866866269873899
