"","missingness_type","RF_R","RF_SE"
"1","MAR",0.814723616132221,0.00118335478435423
