"","missingness_type","RF_ARI","RF_SE"
"1","MAR",0.874028637976596,0.00639543485852295
