"","missingness_type","MICE_R","MICE_SE"
"1","MAR",0.475741677685835,0.00828080744591017
