"","missingness_type","RF_NMSE","RF_SE"
"1","MAR",1.50755418726123,0.00204471412502139
