"","missingness_type","RF_R","RF_SE"
"1","MAR",0.792003105604068,0.00100052728150257
