"","missingness_type","MICE_R","MICE_SE"
"1","MAR",0.568265738880717,0.00552200943619695
