"","missingness_type","KNN_R","KNN_SE"
"1","MAR",0.219655186285341,0.0122270132012739
