"","missingness_type","KNN_R","KNN_SE"
"1","MAR",0.325416810273447,0.0296890462101102
