"","missingness_type","KNN_R","KNN_SE"
"1","MAR",0.488568453633931,0.0174894285944303
