"","missingness_type","RF_R","RF_SE"
"1","MAR",0.859719766293561,0.00168546467474725
