"","missingness_type","RF_R","RF_SE"
"1","MAR",0.0822780435460236,0.0116945959811643
