"","missingness_type","RF_NMSE","RF_SE"
"1","MAR",0.603388365064353,0.00279772775210104
