"","missingness_type","RF_NMSE","RF_SE"
"1","MAR",0.422990926232698,0.00424562862994779
