"","missingness_type","RF_NMSE","RF_SE"
"1","MAR",1.00412775217296,0.00217703695098128
