"","missingness_type","KNN_R","KNN_SE"
"1","MAR",0.478974107987432,0.0228679440155431
