"","missingness_type","RF_ARI","RF_SE"
"1","MAR",0.952427236628979,0.00812747751977658
