"","missingness_type","KNN_R","KNN_SE"
"1","MAR",0.447900110268243,0.0080782251682818
