"","missingness_type","KNN_R","KNN_SE"
"1","MAR",0.625499571823037,0.0123530276289155
