"","missingness_type","KNN_NMSE","KNN_SE"
"1","MAR",0.0853691947279741,0.00602163534943948
