"","missingness_type","RF_R","RF_SE"
"1","MAR",0.777492955447031,0.00401383772348636
