"","missingness_type","KNN_R","KNN_SE"
"1","MAR",0.438838296816827,0.0189680017812265
