"","missingness_type","RF_R","RF_SE"
"1","MAR",0.149503232206046,0.0146200611342258
