"","missingness_type","KNN_NMSE","KNN_SE"
"1","MAR",0.0925269658849597,0.00710604195259072
