"","missingness_type","RF_R","RF_SE"
"1","MAR",0.776661988155349,0.00391644058501085
