"","missingness_type","KNN_R","KNN_SE"
"1","MAR",0.566689259884112,0.0139874616945588
