"","missingness_type","KNN_R","KNN_SE"
"1","MAR",0.265009629827203,0.0206132138012799
