"","missingness_type","RF_R","RF_SE"
"1","MAR",0.677549727294363,0.0150319578162282
