"","missingness_type","RF_R","RF_SE"
"1","MAR",0.720996344811475,0.00257109865546023
