"","missingness_type","RF_R","RF_SE"
"1","MAR",0.372090772987135,0.0201432150113692
