"","missingness_type","KNN_ARI","KNN_SE"
"1","MAR",0.0856885801580907,0.00712975211651434
