"","missingness_type","RF_ARI","RF_SE"
"1","MAR",0.514944504844551,0.0103422918944919
