"","missingness_type","RF_NMSE","RF_SE"
"1","MAR",1.27840928084854,0.00750452665999817
