"","missingness_type","KNN_ARI","KNN_SE"
"1","MAR",0.299261746325058,0.00882978853163544
