"","missingness_type","KNN_ARI","KNN_SE"
"1","MAR",0.104686345663096,0.00782192426755787
