"","missingness_type","KNN_R","KNN_SE"
"1","MAR",0.0717359331272194,0.0116459477698198
