"","missingness_type","RF_ARI","RF_SE"
"1","MAR",0.121418900426533,0.0109120718541317
