"","missingness_type","KNN_R","KNN_SE"
"1","MAR",0.515105470759275,0.0092531479705995
