"","missingness_type","KNN_R","KNN_SE"
"1","MAR",0.585655560277979,0.0106204245161997
