"","missingness_type","RF_R","RF_SE"
"1","MAR",0.431918757824952,0.0183739092867346
