"","missingness_type","RF_NMSE","RF_SE"
"1","MAR",0.450136191888736,0.00596040052079259
