"","missingness_type","RF_R","RF_SE"
"1","MAR",0.238940776796837,0.00626085013542603
