"","missingness_type","RF_R","RF_SE"
"1","MAR",0.183893320776568,0.0047384823696113
