"","missingness_type","MICE_R","MICE_SE"
"1","MAR",0.258428528652905,0.00465571772787443
