"","missingness_type","KNN_R","KNN_SE"
"1","MAR",0.287023625850152,0.00905299418217024
