"","missingness_type","RF_NMSE","RF_SE"
"1","MAR",0.229829872468518,0.00164756630566617
