"","missingness_type","RF_R","RF_SE"
"1","MAR",0.354304816813244,0.00588972536237842
