"","missingness_type","RF_R","RF_SE"
"1","MAR",0.281067183592542,0.00260239798131793
