"","missingness_type","MICE_R","MICE_SE"
"1","MAR",0.228061180393817,0.00715187381311599
