"","missingness_type","RF_ARI","RF_SE"
"1","MAR",0.586206102376999,0.0126823445828003
