"","missingness_type","KNN_R","KNN_SE"
"1","MAR",0.124498977605198,0.0118233269663457
