"","missingness_type","KNN_R","KNN_SE"
"1","MAR",0.468628669314821,0.00892826439263105
