"","missingness_type","MICE_R","MICE_SE"
"1","MAR",0.276228544153162,0.00454771305745915
