"","missingness_type","RF_NMSE","RF_SE"
"1","MAR",0.822024615136592,0.00427498707063583
