"","missingness_type","KNN_R","KNN_SE"
"1","MAR",0.508008421715625,0.0106355172296428
