"","missingness_type","KNN_R","KNN_SE"
"1","MAR",0.376189476168317,0.00713131006707217
