"","missingness_type","KNN_ARI","KNN_SE"
"1","MAR",0.0465356176544974,0.00805431990082603
