"","missingness_type","RF_ARI","RF_SE"
"1","MAR",0.415688471215782,0.0101359038862001
