"","missingness_type","RF_ARI","RF_SE"
"1","MAR",0.275015748001605,0.0134955736649583
