"","missingness_type","RF_NMSE","RF_SE"
"1","MAR",0.272522255306809,0.00285246538998237
