"","missingness_type","RF_R","RF_SE"
"1","MAR",0.413551040050309,0.00445115080422408
