"","missingness_type","RF_ARI","RF_SE"
"1","MAR",0.271227147514656,0.0127894977704561
