"","missingness_type","KNN_R","KNN_SE"
"1","MAR",0.287058653694648,0.0158242248427142
