"","missingness_type","MICE_R","MICE_SE"
"1","MAR",0.145812331053383,0.00748076673252386
