"","missingness_type","RF_R","RF_SE"
"1","MAR",0.262517433632683,0.00417060767753847
