"","missingness_type","RF_ARI","RF_SE"
"1","MAR",0.379931644774839,0.0209963352797327
