"","missingness_type","RF_ARI","RF_SE"
"1","MAR",0.197059465117735,0.0150210523672474
