"","missingness_type","RF_ARI","RF_SE"
"1","MAR",0.224932156148593,0.0153972857375998
