"","missingness_type","RF_ARI","RF_SE"
"1","MAR",0.714327400436018,0.0201879671305795
