"","missingness_type","RF_NMSE","RF_SE"
"1","MAR",0.209014764617715,0.00928545579649214
