"","missingness_type","RF_R","RF_SE"
"1","MAR",0.809987740018748,0.00803783508981697
