"","missingness_type","KNN_R","KNN_SE"
"1","MAR",0.792137669018305,0.00754962008444953
