"","missingness_type","RF_R","RF_SE"
"1","MAR",0.690597639622489,0.0125351139873015
