"","missingness_type","RF_NMSE","RF_SE"
"1","MAR",0.717521641556134,0.0300683591294761
