"","missingness_type","RF_R","RF_SE"
"1","MAR",0.636965975707028,0.0203495110648315
