"","missingness_type","RF_NMSE","RF_SE"
"1","MAR",0.198095588467376,0.0110534608721438
