"","missingness_type","KNN_R","KNN_SE"
"1","MAR",0.589769249592987,0.0191919780191092
