"","missingness_type","RF_NMSE","RF_SE"
"1","MAR",0.147072926589908,0.00524243360046857
