"","missingness_type","RF_R","RF_SE"
"1","MAR",0.670075393424584,0.0128608993098775
