"","missingness_type","RF_NMSE","RF_SE"
"1","MAR",0.233872711171786,0.00868794722121183
