"","missingness_type","RF_NMSE","RF_SE"
"1","MAR",0.192892266014571,0.00998582402948316
