"","missingness_type","RF_NMSE","RF_SE"
"1","MAR",0.603188422589428,0.0249243590025985
