"","missingness_type","KNN_R","KNN_SE"
"1","MAR",0.649533051993931,0.00355411172918597
