"","missingness_type","KNN_ARI","KNN_SE"
"1","MAR",0.149532674482575,0.00980793545823736
