"","missingness_type","RF_NMSE","RF_SE"
"1","MAR",0.507582355456282,0.0134438441061726
