"","missingness_type","RF_ARI","RF_SE"
"1","MAR",0.237482339497628,0.00996896114750349
