"","missingness_type","KNN_R","KNN_SE"
"1","MAR",0.462987539410831,0.0043383907244739
