"","missingness_type","RF_R","RF_SE"
"1","MAR",0.784289271855578,0.00634744484823443
