"","missingness_type","MICE_R","MICE_SE"
"1","MAR",0.733440319239617,0.00816586827079334
