"","missingness_type","RF_NMSE","RF_SE"
"1","MAR",0.34330976965189,0.00319475980823856
