"","missingness_type","RF_R","RF_SE"
"1","MAR",0.747019873018711,0.00812839815741391
