"","missingness_type","KNN_ARI","KNN_SE"
"1","MAR",0.0708854286179849,0.00803558020227499
