"","missingness_type","RF_NMSE","RF_SE"
"1","MAR",0.402820020882854,0.0140737120402177
