"","missingness_type","KNN_R","KNN_SE"
"1","MAR",0.617829318630936,0.00849041348395099
