"","missingness_type","RF_ARI","RF_SE"
"1","MAR",0.254268618613703,0.00914144824076573
