"","missingness_type","KNN_ARI","KNN_SE"
"1","MAR",0.0852764722611507,0.00708011706829126
