"","missingness_type","KNN_ARI","KNN_SE"
"1","MAR",0.0594961393659345,0.00951403425341966
