"","missingness_type","RF_ARI","RF_SE"
"1","MAR",0.332117584404255,0.0136877599647266
