"","missingness_type","KNN_ARI","KNN_SE"
"1","MAR",0.161229770468086,0.00913873648115057
