"","missingness_type","RF_R","RF_SE"
"1","MAR",0.753308634936033,0.00332753371458936
