"","missingness_type","RF_ARI","RF_SE"
"1","MAR",0.265041588940875,0.0105535786732782
