"","missingness_type","RF_R","RF_SE"
"1","MAR",0.79882293253226,0.00737898024317258
