"","missingness_type","RF_R","RF_SE"
"1","MAR",0.784530996454868,0.00496989287111697
