"","missingness_type","KNN_R","KNN_SE"
"1","MAR",0.640817205220879,0.00834671879216087
