"","missingness_type","MICE_R","MICE_SE"
"1","MAR",0.0486164533537332,0.0125984642691191
