"","missingness_type","MICE_ARI","MICE_SE"
"1","MAR",0.0836530087586153,0.00821936398918173
