"","missingness_type","RF_ARI","RF_SE"
"1","MAR",0.218264755257049,0.0110950475361356
