"","missingness_type","KNN_R","KNN_SE"
"1","MAR",0.616265986459247,0.00848128488509383
