"","missingness_type","RF_R","RF_SE"
"1","MAR",0.661983113122982,0.00483097881790192
