"","missingness_type","RF_ARI","RF_SE"
"1","MAR",0.198032975672269,0.00970188475007807
