"","missingness_type","KNN_ARI","KNN_SE"
"1","MAR",0.0169684880165931,0.0171801459340389
