"","missingness_type","KNN_R","KNN_SE"
"1","MAR",0.658700490710206,0.0128638274792621
