"","missingness_type","RF_NMSE","RF_SE"
"1","MAR",0.324318943058775,0.0154965728122311
