"","missingness_type","RF_R","RF_SE"
"1","MAR",0.850953322827403,0.00690166445039828
