"","missingness_type","RF_R","RF_SE"
"1","MAR",0.746383522170711,0.0113556733543581
