"","missingness_type","KNN_R","KNN_SE"
"1","MAR",0.722632429249827,0.0108055135253719
