"","missingness_type","KNN_R","KNN_SE"
"1","MAR",0.691194128613611,0.0119110399352023
