"","missingness_type","MICE_R","MICE_SE"
"1","MAR",0.841710488846408,0.00682244763623561
