"","missingness_type","RF_R","RF_SE"
"1","MAR",0.878263734336201,0.0130536800802816
