"","missingness_type","MICE_R","MICE_SE"
"1","MAR",0.903984067993682,0.00852080475656173
