"","missingness_type","RF_NMSE","RF_SE"
"1","MAR",0.303852203050446,0.0162385250995281
