"","missingness_type","RF_NMSE","RF_SE"
"1","MAR",0.181943621963493,0.00834299019508731
