"","missingness_type","MICE_R","MICE_SE"
"1","MAR",0.880491090043468,0.00513763651367687
