"","missingness_type","KNN_R","KNN_SE"
"1","MAR",0.695198701452748,0.0143175467850528
