"","missingness_type","RF_R","RF_SE"
"1","MAR",0.729884754670464,0.0175098599636096
