"","missingness_type","RF_R","RF_SE"
"1","MAR",0.794766347173305,0.0138564494601825
