"","missingness_type","KNN_R","KNN_SE"
"1","MAR",0.700491702024711,0.0161868710067663
