"","missingness_type","KNN_R","KNN_SE"
"1","MAR",0.775454985175343,0.0126496210810298
