"","missingness_type","KNN_R","KNN_SE"
"1","MAR",0.641735804633142,0.0152682757386359
