"","missingness_type","KNN_R","KNN_SE"
"1","MAR",0.640343295985826,0.0219902202904661
