"","missingness_type","RF_NMSE","RF_SE"
"1","MAR",0.556286238361799,0.0264952704385471
