"","missingness_type","MICE_R","MICE_SE"
"1","MAR",0.760577863626554,0.00999343764014292
