"","missingness_type","RF_R","RF_SE"
"1","MAR",0.754884748907016,0.0128996257447775
