"","missingness_type","RF_NMSE","RF_SE"
"1","MAR",0.365717856752124,0.0197030223233217
