"","missingness_type","KNN_R","KNN_SE"
"1","MAR",0.739919886689822,0.0130878438308985
