"","missingness_type","KNN_R","KNN_SE"
"1","MAR",0.607899829789998,0.0281768159844162
