"","missingness_type","RF_R","RF_SE"
"1","MAR",0.79760066829076,0.00956058463617763
