"","missingness_type","MICE_R","MICE_SE"
"1","MAR",0.895668315034357,0.00674504388140425
