"","missingness_type","RF_NMSE","RF_SE"
"1","MAR",0.227022977380873,0.00942595321901495
