"","missingness_type","RF_R","RF_SE"
"1","MAR",0.805283986857127,0.0111217749949936
