"","missingness_type","RF_R","RF_SE"
"1","MAR",0.835759704297344,0.00877860548470309
