"","missingness_type","RF_R","RF_SE"
"1","MAR",0.744455281820515,0.0182699275397424
