"","missingness_type","KNN_R","KNN_SE"
"1","MAR",0.555892577325932,0.0114509868624211
