"","missingness_type","RF_NMSE","RF_SE"
"1","MAR",0.252141344208367,0.0120544003701135
