"","missingness_type","RF_ARI","RF_SE"
"1","MAR",0.730485764595288,0.0167670122419893
