"","missingness_type","KNN_R","KNN_SE"
"1","MAR",0.860492391864077,0.00918423525955212
