"","missingness_type","KNN_R","KNN_SE"
"1","MAR",0.338290099287907,0.0133027370681865
