"","missingness_type","KNN_R","KNN_SE"
"1","MAR",0.787248313758054,0.0118843969628948
