"","missingness_type","KNN_R","KNN_SE"
"1","MAR",0.356944582142683,0.0167890480149435
