"","missingness_type","KNN_R","KNN_SE"
"1","MAR",0.355466964907653,0.0107513807312759
