"","missingness_type","KNN_R","KNN_SE"
"1","MAR",0.807423994879217,0.0111251375318254
