"","missingness_type","RF_NMSE","RF_SE"
"1","MAR",0.202471957377952,0.0174836996397506
