"","missingness_type","RF_R","RF_SE"
"1","MAR",0.694896104144246,0.0243903941794583
