"","missingness_type","KNN_R","KNN_SE"
"1","MAR",0.669867287601347,0.00971898910732843
