"","missingness_type","RF_R","RF_SE"
"1","MAR",0.916032955719091,0.00239166474901486
