"","missingness_type","RF_R","RF_SE"
"1","MAR",0.501631777452844,0.00853937775652459
