"","missingness_type","KNN_R","KNN_SE"
"1","MAR",0.714584763976852,0.0171277762055514
