"","missingness_type","KNN_R","KNN_SE"
"1","MAR",0.712816513833775,0.0112631943391664
