"","missingness_type","RF_R","RF_SE"
"1","MAR",0.481554702537277,0.0123921041415778
