"","missingness_type","KNN_R","KNN_SE"
"1","MAR",0.556916045966736,0.0127913988353985
