"","missingness_type","KNN_R","KNN_SE"
"1","MAR",0.926564499144064,0.00618891071659361
