"","missingness_type","RF_ARI","RF_SE"
"1","MAR",0.770867252146453,0.0133346984252627
