"","missingness_type","RF_R","RF_SE"
"1","MAR",0.82794193782399,0.0138758326773221
