"","missingness_type","KNN_R","KNN_SE"
"1","MAR",0.852176023640066,0.00877367853767362
