"","missingness_type","RF_R","RF_SE"
"1","MAR",0.438169993767645,0.0090208471385053
