"","missingness_type","KNN_R","KNN_SE"
"1","MAR",0.384845884495246,0.0123850873530255
