"","missingness_type","RF_NMSE","RF_SE"
"1","MAR",0.244804992086917,0.00996452495438014
