"","missingness_type","RF_R","RF_SE"
"1","MAR",0.131301172374197,0.0146802633914292
