"","missingness_type","RF_R","RF_SE"
"1","MAR",0.833870095375546,0.00977180943026329
