"","missingness_type","RF_R","RF_SE"
"1","MAR",0.721434667481828,0.00516832649005523
