"","missingness_type","KNN_R","KNN_SE"
"1","MAR",0.570551976708847,0.0156187147046566
