"","missingness_type","RF_NMSE","RF_SE"
"1","MAR",0.104072259916415,0.00302724839413817
