"","missingness_type","RF_NMSE","RF_SE"
"1","MAR",0.118936167380484,0.00863940820479358
