"","missingness_type","KNN_R","KNN_SE"
"1","MAR",0.751859695937514,0.0145108767473402
