"","missingness_type","RF_R","RF_SE"
"1","MAR",0.665877986724047,0.00612032467335128
