"","missingness_type","KNN_R","KNN_SE"
"1","MAR",0.661476919454203,0.0121680066038269
