"","missingness_type","RF_NMSE","RF_SE"
"1","MAR",0.0977835376252154,0.0105551992481233
