"","missingness_type","KNN_NMSE","KNN_SE"
"1","MAR",0.0820745428813107,0.00554629350080145
