"","missingness_type","RF_R","RF_SE"
"1","MAR",0.526813094315561,0.0221681850569111
