"","missingness_type","RF_ARI","RF_SE"
"1","MAR",0.397815982729622,0.0205601281734206
