"","missingness_type","RF_R","RF_SE"
"1","MAR",0.451385143864904,0.0103330642637065
