"","missingness_type","RF_ARI","RF_SE"
"1","MAR",0.063608744871743,0.00580473890973601
