"","missingness_type","RF_R","RF_SE"
"1","MAR",0.573522190020931,0.008191835496982
