"","missingness_type","MICE_R","MICE_SE"
"1","MAR",0.314857335620632,0.00995327358789168
