"","missingness_type","RF_ARI","RF_SE"
"1","MAR",0.214103147931303,0.00532833736812939
