"","missingness_type","KNN_R","KNN_SE"
"1","MAR",0.585710321989509,0.00519975177858496
