"","missingness_type","KNN_R","KNN_SE"
"1","MAR",0.473293839452011,0.0110452988556799
