"","missingness_type","KNN_ARI","KNN_SE"
"1","MAR",0.140192287830221,0.00576825925785701
