"","missingness_type","RF_ARI","RF_SE"
"1","MAR",0.245519863501144,0.00701415198223336
