"","missingness_type","MICE_R","MICE_SE"
"1","MAR",0.584029307192713,0.00795175484811754
