"","missingness_type","RF_ARI","RF_SE"
"1","MAR",0.210034741266087,0.00578986979776813
