"","missingness_type","KNN_ARI","KNN_SE"
"1","MAR",0.0545498304739783,0.00517476879047121
