"","missingness_type","RF_NMSE","RF_SE"
"1","MAR",0.738437340437727,0.0137909311499789
