"","missingness_type","RF_NMSE","RF_SE"
"1","MAR",0.922238982231799,0.00585222573452361
