"","missingness_type","RF_ARI","RF_SE"
"1","MAR",0.141989428492151,0.00781115313223057
