"","missingness_type","KNN_R","KNN_SE"
"1","MAR",0.43837423581184,0.00667616085875813
