"","missingness_type","KNN_ARI","KNN_SE"
"1","MAR",0.961394715588874,0.00423884525967192
