"","missingness_type","RF_NMSE","RF_SE"
"1","MAR",0.880106653093312,0.00721373990953988
