"","missingness_type","RF_NMSE","RF_SE"
"1","MAR",0.811550346262792,0.00339445824863927
