"","missingness_type","RF_NMSE","RF_SE"
"1","MAR",0.532240362128734,0.00312005796779401
