"","missingness_type","RF_R","RF_SE"
"1","MAR",0.219780850527242,0.00410614285649353
