"","missingness_type","RF_NMSE","RF_SE"
"1","MAR",0.446884049164603,0.00370053741877538
