"","missingness_type","RF_R","RF_SE"
"1","MAR",0.392583085152458,0.00712756466717979
