"","missingness_type","KNN_ARI","KNN_SE"
"1","MAR",0.960424359015427,0.00359768855262426
