"","missingness_type","KNN_R","KNN_SE"
"1","MAR",0.492307700379978,0.0117008348056354
