"","missingness_type","MICE_R","MICE_SE"
"1","MAR",0.321348889098641,0.00692801535552546
