"","missingness_type","KNN_ARI","KNN_SE"
"1","MAR",0.142986902167984,0.00960399280471647
