"","missingness_type","KNN_ARI","KNN_SE"
"1","MAR",0.100156344761437,0.00981926411688427
