"","missingness_type","RF_ARI","RF_SE"
"1","MAR",0.178919820947775,0.0120989669476744
