"","missingness_type","RF_ARI","RF_SE"
"1","MAR",0.216942090149769,0.0124761951845231
