"","missingness_type","MICE_ARI","MICE_SE"
"1","MAR",0.00041147836627501,0.00376224023354719
