"","missingness_type","KNN_ARI","KNN_SE"
"1","MAR",0.00315418162821656,0.00383895782218223
