"","missingness_type","MICE_ARI","MICE_SE"
"1","MAR",0.0157679622837676,0.00491129271022812
