"","missingness_type","KNN_ARI","KNN_SE"
"1","MAR",0.00191419858867914,0.00333294225076659
