"","missingness_type","MICE_ARI","MICE_SE"
"1","MAR",0.0478418626448366,0.00713778102515563
