"","missingness_type","RF_R","RF_SE"
"1","MAR",0.57243695438715,0.0266477547694918
