"","missingness_type","MICE_ARI","MICE_SE"
"1","MAR",0.0128690131896444,0.00824831152299586
