"","missingness_type","KNN_R","KNN_SE"
"1","MAR",0.607270351315631,0.0250801297688227
