"","missingness_type","MICE_R","MICE_SE"
"1","MAR",0.869686082334667,0.00359338067376163
