"","missingness_type","MICE_R","MICE_SE"
"1","MAR",0.885093545839072,0.00439456826895234
