"","missingness_type","RF_R","RF_SE"
"1","MAR",0.824238878585173,0.00417833243690321
