"","missingness_type","RF_R","RF_SE"
"1","MAR",0.874095183017204,0.0035439140247033
