"","missingness_type","RF_NMSE","RF_SE"
"1","MAR",0.389456492812012,0.0587202525432647
