"","missingness_type","RF_R","RF_SE"
"1","MAR",0.67269358612761,0.00266930866750769
