"","missingness_type","RF_NMSE","RF_SE"
"1","MAR",0.279226040518632,0.0218185671283966
