"","missingness_type","MICE_R","MICE_SE"
"1","MAR",0.116050089763987,0.00684737568134816
