"","missingness_type","RF_ARI","RF_SE"
"1","MAR",0.601413759750554,0.0215160102477094
