"","missingness_type","RF_R","RF_SE"
"1","MAR",0.685065825551644,0.0261658415139481
