"","missingness_type","RF_ARI","RF_SE"
"1","MAR",0.552044330779439,0.0155365603153586
