"","missingness_type","KNN_R","KNN_SE"
"1","MAR",0.563971133308578,0.0180140315732259
