"","missingness_type","RF_NMSE","RF_SE"
"1","MAR",0.474894075162013,0.00270655943589622
