"","missingness_type","MICE_R","MICE_SE"
"1","MAR",0.605251778494152,0.00356813641657746
