"","missingness_type","RF_R","RF_SE"
"1","MAR",0.815102718030009,0.00133003911909567
