"","missingness_type","KNN_R","KNN_SE"
"1","MAR",0.230707237210394,0.0217581929800221
