"","missingness_type","RF_R","RF_SE"
"1","MAR",0.707943182941255,0.00981273019793498
