"","missingness_type","RF_NMSE","RF_SE"
"1","MAR",1.82838863041713,0.00807905411139035
