"","missingness_type","RF_R","RF_SE"
"1","MAR",0.598213338230697,0.002852647948248
