"","missingness_type","RF_ARI","RF_SE"
"1","MAR",0.353396076927292,0.0207366912384747
