"","missingness_type","KNN_R","KNN_SE"
"1","MAR",0.441453726571888,0.0102903787745281
