"","missingness_type","RF_R","RF_SE"
"1","MAR",0.754666888119848,0.0246799599252592
