"","missingness_type","KNN_R","KNN_SE"
"1","MAR",0.459378952861478,0.00971707438042797
