"","missingness_type","MICE_R","MICE_SE"
"1","MAR",0.638229761742757,0.00592042264652964
