"","missingness_type","RF_NMSE","RF_SE"
"1","MAR",0.786972655800688,0.0032426039968832
