"","missingness_type","KNN_R","KNN_SE"
"1","MAR",0.424630041099396,0.0206337596540156
