"","missingness_type","RF_ARI","RF_SE"
"1","MAR",0.381260165259778,0.00808071020301859
