"","missingness_type","RF_ARI","RF_SE"
"1","MAR",0.854055579375065,0.0140866774989985
