"","missingness_type","KNN_R","KNN_SE"
"1","MAR",0.457871727259235,0.0116859529198819
