"","missingness_type","RF_R","RF_SE"
"1","MAR",0.776939634463023,0.00126682841877952
