"","missingness_type","RF_NMSE","RF_SE"
"1","MAR",0.731917535173613,0.00315350504523973
