"","missingness_type","RF_R","RF_SE"
"1","MAR",0.674575961654191,0.0103031799009519
