"","missingness_type","RF_ARI","RF_SE"
"1","MAR",0.973359919008191,0.00547440828517439
