"","missingness_type","RF_R","RF_SE"
"1","MAR",0.577466350601835,0.00223483519070425
