"","missingness_type","RF_NMSE","RF_SE"
"1","MAR",0.415487509322714,0.0127583943555787
