"","missingness_type","RF_R","RF_SE"
"1","MAR",0.671648767679796,0.00125710245305743
