"","missingness_type","KNN_R","KNN_SE"
"1","MAR",0.0301825437731138,0.0096312598813518
