"","missingness_type","RF_NMSE","RF_SE"
"1","MAR",1.07420952197947,0.00646739221201797
