"","missingness_type","KNN_ARI","KNN_SE"
"1","MAR",0.952000156647536,0.00972232721260145
