"","missingness_type","RF_R","RF_SE"
"1","MAR",-0.106039341606592,0.0249479893607564
