"","missingness_type","RF_ARI","RF_SE"
"1","MAR",0.341837666786585,0.0221382111025483
