"","missingness_type","RF_ARI","RF_SE"
"1","MAR",0.365087315999838,0.0194259100669012
