"","missingness_type","MICE_R","MICE_SE"
"1","MAR",0.391316438330026,0.00783114786788692
