"","missingness_type","RF_ARI","RF_SE"
"1","MAR",0.174890824166313,0.0209325538012473
