"","missingness_type","MICE_ARI","MICE_SE"
"1","MAR",-0.00887857498023151,0.00158047116433069
