"","missingness_type","RF_ARI","RF_SE"
"1","MAR",0.0695214462218233,0.00279618856662276
