"","missingness_type","RF_ARI","RF_SE"
"1","MAR",0.0195876663941933,0.00328946959901349
