"","missingness_type","KNN_ARI","KNN_SE"
"1","MAR",0.00992850786801897,0.00132614974501877
