"","missingness_type","MICE_ARI","MICE_SE"
"1","MAR",0.0577536217216679,0.00586361420143007
