"","missingness_type","KNN_ARI","KNN_SE"
"1","MAR",0.217682882639159,0.00653668521013447
