"","missingness_type","RF_NMSE","RF_SE"
"1","MAR",0.557565778892659,0.0215982456355095
