"","missingness_type","RF_NMSE","RF_SE"
"1","MAR",0.600360902821605,0.0209417845330503
