"","missingness_type","RF_ARI","RF_SE"
"1","MAR",-0.0285792364442306,0.0112299112407228
