"","missingness_type","RF_ARI","RF_SE"
"1","MAR",0.357289430014155,0.0204258016339788
