"","missingness_type","RF_ARI","RF_SE"
"1","MAR",0.0937260958589486,0.0175059024595477
