"","missingness_type","RF_R","RF_SE"
"1","MAR",0.712485447322243,0.00777013912748585
