"","missingness_type","KNN_ARI","KNN_SE"
"1","MAR",0.0298436733109355,0.0162840876194558
