"","missingness_type","MICE_R","MICE_SE"
"1","MAR",0.798219540387619,0.00532739104989493
