"","missingness_type","KNN_R","KNN_SE"
"1","MAR",0.441886802951626,0.0175877885725157
