"","missingness_type","RF_R","RF_SE"
"1","MAR",0.694118939723142,0.0183870791555965
