"","missingness_type","KNN_R","KNN_SE"
"1","MAR",0.613577621758103,0.0235308941078568
