"","missingness_type","RF_NMSE","RF_SE"
"1","MAR",0.580026455629583,0.0291168336557522
