"","missingness_type","KNN_R","KNN_SE"
"1","MAR",0.716313908910421,0.0169969092433999
