"","missingness_type","KNN_R","KNN_SE"
"1","MAR",0.721173053910051,0.00935715144249551
