"","missingness_type","RF_NMSE","RF_SE"
"1","MAR",0.204077287292687,0.0122170130436969
