"","missingness_type","RF_R","RF_SE"
"1","MAR",0.664180353061751,0.0178552391574016
