"","missingness_type","MICE_R","MICE_SE"
"1","MAR",0.845560264547653,0.00939025142122316
