"","missingness_type","RF_R","RF_SE"
"1","MAR",0.819775807888417,0.0112452585877758
