"","missingness_type","RF_NMSE","RF_SE"
"1","MAR",0.597944327924873,0.0182727205988036
