"","missingness_type","KNN_R","KNN_SE"
"1","MAR",0.505072054314907,0.0290044976836619
