"","missingness_type","RF_R","RF_SE"
"1","MAR",0.909380222606853,0.00588127265944563
