"","missingness_type","MICE_R","MICE_SE"
"1","MAR",0.789744431923891,0.00840844458521103
