"","missingness_type","RF_R","RF_SE"
"1","MAR",0.833889332870377,0.00643255929852621
