"","missingness_type","RF_R","RF_SE"
"1","MAR",0.773770524693309,0.0190835540971819
