"","missingness_type","KNN_R","KNN_SE"
"1","MAR",0.488979115025885,0.0193189568802224
