"","missingness_type","RF_R","RF_SE"
"1","MAR",0.857504754492511,0.0117887896494623
