"","missingness_type","KNN_R","KNN_SE"
"1","MAR",0.492525961760658,0.0242903575666535
