"","missingness_type","KNN_R","KNN_SE"
"1","MAR",0.616891409847027,0.00880905292727116
