"","missingness_type","MICE_R","MICE_SE"
"1","MAR",0.0931063126891736,0.0140545731842227
