"","missingness_type","RF_NMSE","RF_SE"
"1","MAR",0.344019181123136,0.00341124873887954
