"","missingness_type","RF_R","RF_SE"
"1","MAR",0.794877465437441,0.00714669255674255
