"","missingness_type","MICE_R","MICE_SE"
"1","MAR",0.708055743175949,0.00969808645985777
