"","missingness_type","KNN_ARI","KNN_SE"
"1","MAR",0.0537335098159974,0.0100160027351536
