"","missingness_type","KNN_R","KNN_SE"
"1","MAR",0.46186041400878,0.00496853203555437
