"","missingness_type","RF_ARI","RF_SE"
"1","MAR",0.173130766197409,0.0104488938971043
