"","missingness_type","RF_ARI","RF_SE"
"1","MAR",0.162812590730856,0.0100807848413165
