"","missingness_type","RF_NMSE","RF_SE"
"1","MAR",0.377119998852156,0.00514242450044569
