"","missingness_type","RF_NMSE","RF_SE"
"1","MAR",0.438634765303749,0.00877557204055196
