"","missingness_type","KNN_R","KNN_SE"
"1","MAR",0.630211575946174,0.00510914730396034
