"","missingness_type","RF_R","RF_SE"
"1","MAR",0.662656234927844,0.0047487444609636
