"","missingness_type","KNN_R","KNN_SE"
"1","MAR",0.609111082540782,0.00468627029755194
