"","missingness_type","MICE_R","MICE_SE"
"1","MAR",0.689321331556319,0.00764546125400545
