"","missingness_type","RF_NMSE","RF_SE"
"1","MAR",0.365155424511592,0.00483983317571821
