"","missingness_type","RF_R","RF_SE"
"1","MAR",0.642602652196115,0.00440611857163722
