"","missingness_type","RF_NMSE","RF_SE"
"1","MAR",0.436917837944857,0.0109298344310384
