"","missingness_type","RF_ARI","RF_SE"
"1","MAR",0.349430414557261,0.0136437301674459
