"","missingness_type","RF_R","RF_SE"
"1","MAR",0.829584585992346,0.00674098799137567
