"","missingness_type","KNN_R","KNN_SE"
"1","MAR",0.609223320106397,0.00814164318343688
