"","missingness_type","RF_R","RF_SE"
"1","MAR",0.756785526319633,0.00315912234582272
