"","missingness_type","MICE_R","MICE_SE"
"1","MAR",0.0413565268001816,0.0104128462848219
