"","missingness_type","RF_NMSE","RF_SE"
"1","MAR",0.411366509393753,0.0138325055562609
