"","missingness_type","KNN_R","KNN_SE"
"1","MAR",0.561183481996726,0.0062204628615094
