"","missingness_type","KNN_R","KNN_SE"
"1","MAR",0.609401061852835,0.00943833004403919
