"","missingness_type","RF_ARI","RF_SE"
"1","MAR",0.125501266108204,0.00981425402905409
