"","missingness_type","RF_NMSE","RF_SE"
"1","MAR",0.385338542684095,0.00494087580612151
