"","missingness_type","RF_R","RF_SE"
"1","MAR",0.738679093787394,0.00379809957217922
