"","missingness_type","MICE_ARI","MICE_SE"
"1","MAR",0.0878715207010882,0.00801837263317497
