"","missingness_type","KNN_ARI","KNN_SE"
"1","MAR",0.0809748905822158,0.0154756933496329
