"","missingness_type","RF_ARI","RF_SE"
"1","MAR",0.413287014099033,0.0163954189059546
