"","missingness_type","RF_ARI","RF_SE"
"1","MAR",0.222502380391487,0.0130827983520324
