"","missingness_type","RF_ARI","RF_SE"
"1","MAR",0.124035642776306,0.0186648843623376
