"","missingness_type","RF_ARI","RF_SE"
"1","MAR",0.574027924866972,0.0147942233726613
