"","missingness_type","RF_ARI","RF_SE"
"1","MAR",-0.043580322459001,0.0115005230467698
