"","missingness_type","RF_R","RF_SE"
"1","MAR",0.815986690545808,0.0126967348967786
