"","missingness_type","KNN_R","KNN_SE"
"1","MAR",0.786200680618492,0.0144521932379798
