"","missingness_type","RF_ARI","RF_SE"
"1","MAR",0.428076577568529,0.0260834814473738
