"","missingness_type","RF_R","RF_SE"
"1","MAR",0.911981137691098,0.00349529765312908
