"","missingness_type","RF_NMSE","RF_SE"
"1","MAR",0.153538615236825,0.0120427890297494
