"","missingness_type","RF_R","RF_SE"
"1","MAR",0.915599801651418,0.00627437571562523
