"","missingness_type","RF_NMSE","RF_SE"
"1","MAR",0.314813806018707,0.0168933646575855
