"","missingness_type","KNN_R","KNN_SE"
"1","MAR",0.565265329638819,0.0186162321873179
