"","missingness_type","RF_R","RF_SE"
"1","MAR",0.898406627896444,0.0101442695963308
