"","missingness_type","RF_R","RF_SE"
"1","MAR",0.927370526419836,0.00528007218923003
