"","missingness_type","RF_R","RF_SE"
"1","MAR",0.868927352274458,0.00617137492011656
