"","missingness_type","RF_NMSE","RF_SE"
"1","MAR",0.191039482187475,0.0148543802897513
