"","missingness_type","RF_R","RF_SE"
"1","MAR",0.816338810606444,0.0132698856718328
