"","missingness_type","MICE_R","MICE_SE"
"1","MAR",0.920478919474989,0.00698769885936769
