"","missingness_type","RF_NMSE","RF_SE"
"1","MAR",0.265933664638162,0.00941377698396766
