"","missingness_type","KNN_R","KNN_SE"
"1","MAR",0.636150842964329,0.0218986125623449
