"","missingness_type","KNN_R","KNN_SE"
"1","MAR",0.800923078568268,0.0105016228800538
