"","missingness_type","MICE_R","MICE_SE"
"1","MAR",0.893535297589796,0.00672293323596771
