"","missingness_type","RF_R","RF_SE"
"1","MAR",0.775947815878251,0.0139516574639018
