"","missingness_type","RF_NMSE","RF_SE"
"1","MAR",0.436816486620916,0.0190644587173285
