"","missingness_type","RF_R","RF_SE"
"1","MAR",0.873866423927349,0.00744929835999696
