"","missingness_type","RF_NMSE","RF_SE"
"1","MAR",0.489836126046228,0.0154021890919604
