"","missingness_type","RF_R","RF_SE"
"1","MAR",0.899556257276272,0.00670612048748741
