"","missingness_type","RF_NMSE","RF_SE"
"1","MAR",0.390461407295558,0.0156269597589922
