"","missingness_type","RF_NMSE","RF_SE"
"1","MAR",0.590262277798471,0.0236397789828529
