"","missingness_type","KNN_R","KNN_SE"
"1","MAR",0.692014001193473,0.0108738836017855
