"","missingness_type","RF_ARI","RF_SE"
"1","MAR",0.414101974675478,0.00907394390010438
