"","missingness_type","RF_R","RF_SE"
"1","MAR",0.158756396662438,0.0159656822712462
