"","missingness_type","RF_R","RF_SE"
"1","MAR",0.553542986893234,0.0101551296551972
