"","missingness_type","MICE_R","MICE_SE"
"1","MAR",0.672147399404448,0.00858293183608758
