"","missingness_type","MICE_R","MICE_SE"
"1","MAR",-0.0352486360868355,0.00878996973848388
