"","missingness_type","RF_NMSE","RF_SE"
"1","MAR",0.337773103972452,0.00360592481872922
