"","missingness_type","RF_R","RF_SE"
"1","MAR",0.285446939764559,0.0160379890158564
