"","missingness_type","RF_NMSE","RF_SE"
"1","MAR",0.611287845995387,0.0273491175160419
