"","missingness_type","RF_ARI","RF_SE"
"1","MAR",0.510568007537439,0.00966851509389701
