"","missingness_type","RF_R","RF_SE"
"1","MAR",0.0938457245354504,0.0135505638348683
