"","missingness_type","KNN_R","KNN_SE"
"1","MAR",0.403992208298735,0.0209157572773519
