"","missingness_type","KNN_NMSE","KNN_SE"
"1","MAR",0.0842751436622221,0.00480302204384869
