"","missingness_type","KNN_R","KNN_SE"
"1","MAR",0.494422633514102,0.0188312934766362
