"","missingness_type","RF_ARI","RF_SE"
"1","MAR",0.49153911981021,0.00968633464544643
