"","missingness_type","MICE_R","MICE_SE"
"1","MAR",0.764025999673592,0.00559723682009228
