"","missingness_type","KNN_R","KNN_SE"
"1","MAR",0.538423659469486,0.0165836782257243
