"","missingness_type","KNN_R","KNN_SE"
"1","MAR",0.492168872114738,0.0107199769898941
