"","missingness_type","RF_R","RF_SE"
"1","MAR",0.321104922459526,0.0175429337229769
