"","missingness_type","MICE_ARI","MICE_SE"
"1","MAR",0.0777704573535819,0.00787346437950648
