"","missingness_type","RF_ARI","RF_SE"
"1","MAR",0.389562335116899,0.00814398548854124
