"","missingness_type","RF_R","RF_SE"
"1","MAR",0.693655945344449,0.00433844108313817
