"","missingness_type","RF_NMSE","RF_SE"
"1","MAR",0.429269336376164,0.0037517938081321
