"","missingness_type","RF_ARI","RF_SE"
"1","MAR",0.432490573870946,0.0104446105799747
