"","missingness_type","RF_NMSE","RF_SE"
"1","MAR",0.904937030612695,0.0225244158153229
