"","missingness_type","RF_R","RF_SE"
"1","MAR",0.693052454600153,0.00207248178611235
