"","missingness_type","RF_R","RF_SE"
"1","MAR",0.223101613917544,0.0204224019511169
