"","missingness_type","KNN_R","KNN_SE"
"1","MAR",0.499854725618732,0.0162290114411998
