"","missingness_type","RF_NMSE","RF_SE"
"1","MAR",0.0993188759854163,0.0065210800171629
