"","missingness_type","KNN_R","KNN_SE"
"1","MAR",0.471561148723944,0.0170849796282697
