"","missingness_type","RF_R","RF_SE"
"1","MAR",0.234673601123173,0.0162547408462045
