"","missingness_type","KNN_R","KNN_SE"
"1","MAR",0.552838760147135,0.00567231093446263
