"","missingness_type","KNN_R","KNN_SE"
"1","MAR",0.678274549593706,0.0153601182995955
