"","missingness_type","RF_NMSE","RF_SE"
"1","MAR",0.106018552980858,0.00880544875119555
