"","missingness_type","RF_R","RF_SE"
"1","MAR",0.629646230348514,0.0153816537966665
