"","missingness_type","RF_R","RF_SE"
"1","MAR",0.649657945318381,0.0583305855686018
