"","missingness_type","RF_R","RF_SE"
"1","MAR",0.651271111461786,0.0134832183369235
