"","missingness_type","KNN_R","KNN_SE"
"1","MAR",0.639203396298739,0.0147801448595082
