"","missingness_type","RF_ARI","RF_SE"
"1","MAR",0.564221639034714,0.0158585106839341
