"","missingness_type","RF_R","RF_SE"
"1","MAR",0.647322929094508,0.0133492692326678
