"","missingness_type","KNN_R","KNN_SE"
"1","MAR",0.179232299093799,0.0158557659732437
