"","missingness_type","RF_ARI","RF_SE"
"1","MAR",0.0766122370449757,0.00931115745433795
