"","missingness_type","KNN_R","KNN_SE"
"1","MAR",0.486172175538371,0.0201507036455653
