"","missingness_type","RF_R","RF_SE"
"1","MAR",0.810603541142466,0.00888787694723456
