"","missingness_type","KNN_R","KNN_SE"
"1","MAR",0.510464393550623,0.0115243656796029
