"","missingness_type","KNN_R","KNN_SE"
"1","MAR",0.814323852853165,0.0101885720052211
