"","missingness_type","RF_NMSE","RF_SE"
"1","MAR",0.220270930677232,0.00544964248742908
