"","missingness_type","RF_R","RF_SE"
"1","MAR",0.687985183650941,0.00736547944409525
