"","missingness_type","RF_NMSE","RF_SE"
"1","MAR",0.372870147626698,0.0161189125519047
