"","missingness_type","RF_R","RF_SE"
"1","MAR",0.734683627681093,0.00669539282267835
