"","missingness_type","KNN_ARI","KNN_SE"
"1","MAR",0.0643377204495785,0.00900176524330092
