"","missingness_type","KNN_R","KNN_SE"
"1","MAR",0.52358247892076,0.00872813107329471
