"","missingness_type","RF_R","RF_SE"
"1","MAR",0.462746820460298,0.0087004584971878
