"","missingness_type","KNN_R","KNN_SE"
"1","MAR",0.763489947404864,0.0110628715660818
