"","missingness_type","KNN_R","KNN_SE"
"1","MAR",0.946191967103343,0.00170323795427046
