"","missingness_type","KNN_ARI","KNN_SE"
"1","MAR",0.0642988016558978,0.0079615034215665
