"","missingness_type","RF_R","RF_SE"
"1","MAR",0.822026015830474,0.00471352401049546
