"","missingness_type","RF_NMSE","RF_SE"
"1","MAR",0.272322915732966,0.00483382020754729
