"","missingness_type","KNN_R","KNN_SE"
"1","MAR",0.483299422806091,0.0139412549597641
