"","missingness_type","KNN_R","KNN_SE"
"1","MAR",0.408192527635948,0.0148546945774709
