"","missingness_type","RF_R","RF_SE"
"1","MAR",0.773900267199024,0.00474758095808791
