"","missingness_type","KNN_R","KNN_SE"
"1","MAR",0.744474971921141,0.0208945344093598
