"","missingness_type","RF_NMSE","RF_SE"
"1","MAR",0.292512827085891,0.0130334857404015
