"","missingness_type","KNN_R","KNN_SE"
"1","MAR",0.743713086228946,0.0195298492708925
