"","missingness_type","KNN_R","KNN_SE"
"1","MAR",0.544763383757584,0.0111618925333066
