"","missingness_type","KNN_R","KNN_SE"
"1","MAR",0.449186530730029,0.0188555821139757
