"","missingness_type","MICE_R","MICE_SE"
"1","MAR",0.255713560505627,0.00917448520120473
