"","missingness_type","RF_ARI","RF_SE"
"1","MAR",0.486058176201638,0.00717772073940243
