"","missingness_type","KNN_ARI","KNN_SE"
"1","MAR",0.173305037603363,0.00633524288791387
