"","missingness_type","KNN_ARI","KNN_SE"
"1","MAR",0.214525731311041,0.00542463272773808
