"","missingness_type","RF_R","RF_SE"
"1","MAR",0.683383927291066,0.00291042622946277
