"","missingness_type","KNN_ARI","KNN_SE"
"1","MAR",0.531845056447817,0.00695989577825736
