"","missingness_type","KNN_ARI","KNN_SE"
"1","MAR",0.000229221281193711,0.000951357591351967
