"","missingness_type","KNN_R","KNN_SE"
"1","MAR",0.083632005400882,0.00992495064918926
