"","missingness_type","KNN_R","KNN_SE"
"1","MAR",0.190181942247296,0.00891108139972427
