"","missingness_type","RF_R","RF_SE"
"1","MAR",0.211802182050538,0.0112901659824096
