"","missingness_type","RF_ARI","RF_SE"
"1","MAR",0.141057331410808,0.00511837138783442
