"","missingness_type","KNN_ARI","KNN_SE"
"1","MAR",0.0409194173758062,0.00845116825731539
