"","missingness_type","MICE_ARI","MICE_SE"
"1","MAR",0.0057238534809494,0.00165282642976977
