"","missingness_type","RF_ARI","RF_SE"
"1","MAR",-0.0024796101619865,0.000957368535863173
