"","missingness_type","KNN_R","KNN_SE"
"1","MAR",0.0789687448840661,0.00832763268743114
