"","missingness_type","MICE_R","MICE_SE"
"1","MAR",0.591076107451522,0.00658585150558823
