"","missingness_type","RF_R","RF_SE"
"1","MAR",0.654774741811039,0.00663743726905165
