"","missingness_type","KNN_R","KNN_SE"
"1","MAR",0.331727565611045,0.00948361629411902
