"","missingness_type","RF_ARI","RF_SE"
"1","MAR",0.256990534922666,0.00873273910837043
