"","missingness_type","RF_ARI","RF_SE"
"1","MAR",0.192384772084102,0.00383465669051694
