"","missingness_type","MICE_R","MICE_SE"
"1","MAR",0.472566263439385,0.00977016529679288
