"","missingness_type","MICE_ARI","MICE_SE"
"1","MAR",0.0356524140237644,0.00756547223086261
