"","missingness_type","RF_R","RF_SE"
"1","MAR",0.301801564273747,0.00996620972571381
