"","missingness_type","RF_ARI","RF_SE"
"1","MAR",0.0721856096876835,0.0114924547162747
