"","missingness_type","RF_NMSE","RF_SE"
"1","MAR",0.646929811842284,0.0252013028738685
