"","missingness_type","KNN_ARI","KNN_SE"
"1","MAR",0.349936179226815,0.00879370555513681
