"","missingness_type","RF_NMSE","RF_SE"
"1","MAR",0.611224498905299,0.00559698323601889
