"","missingness_type","KNN_ARI","KNN_SE"
"1","MAR",0.074270145835314,0.00507381889064717
