"","missingness_type","RF_NMSE","RF_SE"
"1","MAR",0.635916303653626,0.0724145365056747
