"","missingness_type","RF_ARI","RF_SE"
"1","MAR",-0.0292313113605783,0.00561995106303865
