"","missingness_type","KNN_ARI","KNN_SE"
"1","MAR",0.0367130418487896,0.00868538911209622
