"","missingness_type","RF_ARI","RF_SE"
"1","MAR",0.94266499967744,0.00842405241141722
