"","missingness_type","RF_NMSE","RF_SE"
"1","MAR",0.332838753278231,0.0238519123470281
