"","missingness_type","RF_R","RF_SE"
"1","MAR",0.389591808483061,0.0215841130485786
