"","missingness_type","RF_R","RF_SE"
"1","MAR",0.527388171341077,0.0188025448076499
