"","missingness_type","KNN_R","KNN_SE"
"1","MAR",0.512988756443538,0.0226141847801987
