"","missingness_type","RF_NMSE","RF_SE"
"1","MAR",0.710293865191934,0.0550503811083931
