"","missingness_type","RF_NMSE","RF_SE"
"1","MAR",0.276212214112279,0.0108750838538934
