"","missingness_type","KNN_R","KNN_SE"
"1","MAR",0.849275480907561,0.00506564142736201
