"","missingness_type","RF_NMSE","RF_SE"
"1","MAR",0.356308243395944,0.0119716156031795
