"","missingness_type","KNN_R","KNN_SE"
"1","MAR",0.197615573304287,0.0186046601483519
