"","missingness_type","RF_R","RF_SE"
"1","MAR",0.22085464286325,0.00589839334139578
