"","missingness_type","RF_R","RF_SE"
"1","MAR",-0.00987051791067958,0.042161445688188
