"","missingness_type","RF_R","RF_SE"
"1","MAR",0.413040725119517,0.00777100389344749
