"","missingness_type","MICE_R","MICE_SE"
"1","MAR",0.426312413736919,0.00490238124633105
