"","missingness_type","KNN_R","KNN_SE"
"1","MAR",0.12286392086648,0.00785033898258707
