"","missingness_type","RF_ARI","RF_SE"
"1","MAR",0.795380575593576,0.0174228091387331
