"","missingness_type","RF_NMSE","RF_SE"
"1","MAR",0.976890242760199,0.00671451447142603
