"","missingness_type","RF_ARI","RF_SE"
"1","MAR",0.0199940939044351,0.0136652262794896
