"","missingness_type","MICE_R","MICE_SE"
"1","MAR",0.856631465182783,0.00312964152806692
