"","missingness_type","KNN_ARI","KNN_SE"
"1","MAR",0.0656902407524394,0.0208620683558007
