"","missingness_type","MICE_R","MICE_SE"
"1","MAR",0.784786874230993,0.00604461937285201
