"","missingness_type","KNN_ARI","KNN_SE"
"1","MAR",0.0299300714820758,0.00907617789532446
