"","missingness_type","RF_R","RF_SE"
"1","MAR",0.836822749097916,0.00386722597329241
