"","missingness_type","RF_R","RF_SE"
"1","MAR",0.726791395358446,0.00764801146996752
