"","missingness_type","KNN_R","KNN_SE"
"1","MAR",0.569479365270123,0.0105249464913115
