"","missingness_type","RF_ARI","RF_SE"
"1","MAR",0.237393240104338,0.0172183902523197
