"","missingness_type","KNN_R","KNN_SE"
"1","MAR",0.577304756905054,0.00989675694991804
