"","missingness_type","RF_ARI","RF_SE"
"1","MAR",0.00249405953052499,0.0102262302879207
