"","missingness_type","RF_NMSE","RF_SE"
"1","MAR",0.333939994442988,0.0161886977316049
