"","missingness_type","RF_R","RF_SE"
"1","MAR",0.415825400231947,0.0177986019897314
