"","missingness_type","RF_ARI","RF_SE"
"1","MAR",0.147659491073268,0.0169067371284582
