"","missingness_type","RF_ARI","RF_SE"
"1","MAR",0.371443937927224,0.0167272139210028
