"","missingness_type","KNN_ARI","KNN_SE"
"1","MAR",0.0585212181646085,0.0138301408682022
