"","missingness_type","RF_ARI","RF_SE"
"1","MAR",0.130332419015615,0.0163145597810256
