"","missingness_type","RF_ARI","RF_SE"
"1","MAR",0.417049492205789,0.0166564534289454
