"","missingness_type","RF_ARI","RF_SE"
"1","MAR",0.422205198261879,0.0164720253884629
