"","missingness_type","RF_ARI","RF_SE"
"1","MAR",0.697424277329475,0.0203101214402724
