"","missingness_type","RF_R","RF_SE"
"1","MAR",0.445580778234079,0.0173109286380203
