"","missingness_type","KNN_R","KNN_SE"
"1","MAR",0.567790278775783,0.0971547091594296
