"","missingness_type","KNN_R","KNN_SE"
"1","MAR",0.612312066169569,0.0123503884616614
