"","missingness_type","RF_NMSE","RF_SE"
"1","MAR",0.114987339725736,0.0349805991849081
