"","missingness_type","RF_NMSE","RF_SE"
"1","MAR",0.471399077438611,0.0350656578116123
