"","missingness_type","RF_NMSE","RF_SE"
"1","MAR",0.478549392559764,0.0355771379074526
