"","missingness_type","MICE_R","MICE_SE"
"1","MAR",0.687327781254364,0.00737618955829272
