"","missingness_type","RF_R","RF_SE"
"1","MAR",0.684029034303743,0.00871292926306052
