"","missingness_type","KNN_R","KNN_SE"
"1","MAR",0.529907094866665,0.0191497076037338
