"","missingness_type","MICE_R","MICE_SE"
"1","MAR",0.671630709050047,0.00809223440877144
