"","missingness_type","RF_ARI","RF_SE"
"1","MAR",0.391782856766216,0.0135931242281042
